id;merchantid;userid;dishesid;count;price;state;creator;createtime;modifier;modifinum;modifitime;logic_delete;other;orderid
1;37454;79654;95071;18343;73199;77969;59865;Table Computer;5808;45924;seamless Metal deposit;5641;transmitter Implementation Electronics;99221
2;18340;61748;30424;61165;52475;706;43194;intangible;61185;39986;Gorgeous Frozen Pants;23277;Licensed Savings Account;38246
3;51423;98323;59241;46676;4645;85994;60754;Table Small Frozen Sausages Planner;80839;38541;Music;23089;Monitored Bahamian Dollar Investment Account;83319
4;3438;17336;90932;39106;25877;18223;66252;hardware Costa Rica Mayotte;18485;3131;synthesizing Views e-enable;92665;capacitor archive;57044
5;19598;52083;4522;96117;32533;84453;38867;interactive generating compelling;28093;60703;bifurcated scalable;16526;Industrial;42340
6;77224;39488;19871;29348;552;1407;81546;monitor;72900;79017;Checking Account Identity deposit;91495;generating Highway Ergonomic;37081
7;31098;66884;32518;66592;72960;59129;63755;COM;47221;38292;Developer;84891;hard drive Robust Networked;4043
8;52273;71066;42754;11089;2541;43933;10789;Outdoors;63641;47537;Montana;69551;Concrete Investment Account Saint Lucia;20306
9;22879;94285;7697;59886;28975;69478;16122;Web virtual deposit;87146;45653;mint green e-business EXE;32434;Fresh granular Direct;27213
10;22793;64769;42710;52;81801;35256;86073;Games;51074;53408;Bedfordshire Bahamian Dollar;26941;User-centric Gloves;21876
