id;pid;name;state;csort;ctime;jhi_desc
1;31692;Pants Maryland;93615;84421;Intranet Ergonomic Concrete Soap Zambian Kwacha;Concrete Bedfordshire
2;87737;program;69701;13662;array France protocol;open-source HDD
3;91324;Avon;50151;62789;olive Handcrafted Cotton Bacon Unbranded Fresh Pants;incubate
4;9398;North Dakota Garden;46559;15504;Specialist generating;Computers Small Fresh Gloves back-end
5;12706;South Georgia and the South Sandwich Islands;76999;27154;Orchestrator;Refined Intelligent Granite Shirt
6;54063;deposit panel Strategist;51630;71459;Licensed Cotton Ball;mindshare Gorgeous
7;2535;Brand;83598;42831;Som Rustic Frozen Keyboard ROI;Benin
8;71459;invoice;27993;63827;Buckinghamshire payment e-markets;paradigms Organic strategic
9;75784;Garden;11607;9179;Small;JBOD
10;70365;Bridge;9783;76336;online e-business;systems integrate
