id;username;jhi_password;relname;state;ctime
1;mobile Fish;Home Loan Account Table Computer;Trace;33370;Metal deposit
2;Producer;Implementation Electronics Officer;methodology Albania;43194;intangible
3;enable Gorgeous Frozen Pants;Common;Savings Account syndicate Planner;46676;HDD
4;Table Small Frozen Sausages Planner;envisioneer Music Public-key;infomediaries;12203;Buckinghamshire Games
5;incentivize Tuna copy;Costa Rica Mayotte;Industrial;84228;Views e-enable Communications
6;National Awesome sky blue;Tactics;scale interactive generating;35675;mission-critical Faroe Islands Plastic
7;Car Industrial deliverables;orange Books;magenta monitor 1080p;60595;Identity
8;Frozen IB;Highway Ergonomic;moratorium moratorium;72960;withdrawal COM
9;embrace Developer;synthesize Idaho compress;Sleek Metal Table Small;43933;red
10;withdrawal knowledge base Buckinghamshire;Concrete Investment Account Saint Lucia;User-centric;7697;neutral Salad
